,link
0,https://www.eventbrite.es/e/entradas-re-start-up-105647117372?aff=ebdssbonlinesearch
1,https://www.eventbrite.es/e/entradas-re-start-up-105647117372?aff=ebdssbonlinesearch
2,https://www.eventbrite.com/e/silicon-vally-iot-blockchain-hackathon-online-hackathon-tickets-107301194762?aff=ebdssbonlinesearch
3,https://www.eventbrite.com/e/silicon-vally-iot-blockchain-hackathon-online-hackathon-tickets-107301194762?aff=ebdssbonlinesearch
4,https://www.eventbrite.co/e/hackathon-andino-call-for-code-2020-tickets-108374529134?aff=ebdssbonlinesearch
5,https://www.eventbrite.co/e/hackathon-andino-call-for-code-2020-tickets-108374529134?aff=ebdssbonlinesearch
6,https://www.eventbrite.com/e/unite-fight-hackathon-tickets-109014218462?aff=ebdssbonlinesearch
7,https://www.eventbrite.com/e/unite-fight-hackathon-tickets-109014218462?aff=ebdssbonlinesearch
8,https://www.eventbrite.com/e/feeding-the-future-hackathon-tickets-108536114440?aff=ebdssbonlinesearch
9,https://www.eventbrite.com/e/feeding-the-future-hackathon-tickets-108536114440?aff=ebdssbonlinesearch
10,https://www.eventbrite.com/e/digital-marketing-hackathon-webinar-tickets-105790345772?aff=ebdssbonlinesearch
11,https://www.eventbrite.com/e/digital-marketing-hackathon-webinar-tickets-105790345772?aff=ebdssbonlinesearch
12,https://www.eventbrite.sg/e/supernova-e-hackathon-2020-tickets-100633675031?aff=ebdssbonlinesearch
13,https://www.eventbrite.sg/e/supernova-e-hackathon-2020-tickets-100633675031?aff=ebdssbonlinesearch
14,https://www.eventbrite.co.uk/e/demo-hackathon-healthcare-l-ehealth-with-doctolib-dataiku-tickets-108848595078?aff=ebdssbonlinesearch
15,https://www.eventbrite.co.uk/e/demo-hackathon-healthcare-l-ehealth-with-doctolib-dataiku-tickets-108848595078?aff=ebdssbonlinesearch
16,https://www.eventbrite.com/e/ihitte-uboma-technology-forward-hackathon-2020-tickets-108443593708?aff=ebdssbonlinesearch
17,https://www.eventbrite.com/e/ihitte-uboma-technology-forward-hackathon-2020-tickets-108443593708?aff=ebdssbonlinesearch
18,https://www.eventbrite.com/e/aec-hackathon-online-tickets-107332043030?aff=ebdssbonlinesearch
19,https://www.eventbrite.com/e/aec-hackathon-online-tickets-107332043030?aff=ebdssbonlinesearch
20,https://www.eventbrite.com/e/final-pitch-event-aisustainability-virtual-hackathon-tickets-107813653540?aff=ebdssbonlinesearch
21,https://www.eventbrite.com/e/final-pitch-event-aisustainability-virtual-hackathon-tickets-107813653540?aff=ebdssbonlinesearch
22,https://www.eventbrite.com/e/emerging-technologies-entrepreneurship-hackathon-webinar-tickets-104211288770?aff=ebdssbonlinesearch
23,https://www.eventbrite.com/e/emerging-technologies-entrepreneurship-hackathon-webinar-tickets-104211288770?aff=ebdssbonlinesearch
24,https://www.eventbrite.com/e/2nd-indiaeurope-hackathon-learn-basics-of-start-ups-in-health-wellbeing-tickets-108110792290?aff=ebdssbonlinesearch
25,https://www.eventbrite.com/e/2nd-indiaeurope-hackathon-learn-basics-of-start-ups-in-health-wellbeing-tickets-108110792290?aff=ebdssbonlinesearch
26,https://www.eventbrite.com/e/uxui-design-hackathon-webinar-tickets-105792596504?aff=ebdssbonlinesearch
27,https://www.eventbrite.com/e/uxui-design-hackathon-webinar-tickets-105792596504?aff=ebdssbonlinesearch
28,https://www.eventbrite.co.uk/e/machine-learning-hackathon-tickets-109687030862?aff=ebdssbonlinesearch
29,https://www.eventbrite.co.uk/e/machine-learning-hackathon-tickets-109687030862?aff=ebdssbonlinesearch
30,https://www.eventbrite.com/e/2020-knoxville-city-hackathon-tickets-110046331540?aff=ebdssbonlinesearch
31,https://www.eventbrite.com/e/2020-knoxville-city-hackathon-tickets-110046331540?aff=ebdssbonlinesearch
32,https://www.eventbrite.ca/e/mintbean-careerhack-weather-hack-tickets-109402632218?aff=ebdssbonlinesearch
33,https://www.eventbrite.ca/e/mintbean-careerhack-weather-hack-tickets-109402632218?aff=ebdssbonlinesearch
34,https://www.eventbrite.com/e/kfas-covid-19-virtual-hackathon-registration-109550287860?aff=ebdssbonlinesearch
35,https://www.eventbrite.com/e/kfas-covid-19-virtual-hackathon-registration-109550287860?aff=ebdssbonlinesearch
36,https://www.eventbrite.co.uk/e/smart-port-hackathon-virtual-tickets-97573710595?aff=ebdssbonlinesearch
37,https://www.eventbrite.co.uk/e/smart-port-hackathon-virtual-tickets-97573710595?aff=ebdssbonlinesearch
38,https://www.eventbrite.com/e/hack-the-bay-chesapeake-bay-water-quality-hackathon-tickets-108885132362?aff=ebdssbonlinesearch
39,https://www.eventbrite.com/e/hack-the-bay-chesapeake-bay-water-quality-hackathon-tickets-108885132362?aff=ebdssbonlinesearch
40,https://www.eventbrite.co/e/webinar-energia-renovable-call-for-code-2020-tickets-108374113892?aff=ebdssbonlinesearch
41,https://www.eventbrite.co/e/webinar-energia-renovable-call-for-code-2020-tickets-108374113892?aff=ebdssbonlinesearch
42,https://www.eventbrite.co.uk/e/machine-learning-hackathon-tickets-109687030862?aff=ebdssbonlinesearch
43,https://www.eventbrite.co.uk/e/machine-learning-hackathon-tickets-109687030862?aff=ebdssbonlinesearch
44,https://www.eventbrite.com/e/symphony-innovate-2020-digital-hackathon-paris-tickets-89598574749?aff=ebdssbonlinesearch
45,https://www.eventbrite.com/e/symphony-innovate-2020-digital-hackathon-paris-tickets-89598574749?aff=ebdssbonlinesearch
46,https://www.eventbrite.com/e/join-our-good-code-hackathon-team-recruiting-10000-volunteer-ios-app-devs-tickets-110183273136?aff=ebdssbonlinesearch
47,https://www.eventbrite.com/e/join-our-good-code-hackathon-team-recruiting-10000-volunteer-ios-app-devs-tickets-110183273136?aff=ebdssbonlinesearch
48,https://www.eventbrite.com/e/ridgehacks-virtual-high-school-hackathon-tickets-107270468860?aff=ebdssbonlinesearch
49,https://www.eventbrite.com/e/ridgehacks-virtual-high-school-hackathon-tickets-107270468860?aff=ebdssbonlinesearch
50,https://www.eventbrite.com/e/2020-knoxville-city-hackathon-tickets-110046331540?aff=ebdssbonlinesearch
51,https://www.eventbrite.com/e/2020-knoxville-city-hackathon-tickets-110046331540?aff=ebdssbonlinesearch
52,https://www.eventbrite.ca/e/mintbean-careerhack-weather-hack-tickets-109402632218?aff=ebdssbonlinesearch
53,https://www.eventbrite.ca/e/mintbean-careerhack-weather-hack-tickets-109402632218?aff=ebdssbonlinesearch
54,https://www.eventbrite.com/e/2-virtueller-change-pioneers-hackathon-tickets-107819322496?aff=ebdssbonlinesearch
55,https://www.eventbrite.com/e/2-virtueller-change-pioneers-hackathon-tickets-107819322496?aff=ebdssbonlinesearch
56,https://www.eventbrite.com/e/unite-fight-hackathon-lightning-talks-tickets-109820802978?aff=ebdssbonlinesearch
57,https://www.eventbrite.com/e/unite-fight-hackathon-lightning-talks-tickets-109820802978?aff=ebdssbonlinesearch
58,https://www.eventbrite.com/e/kfas-covid-19-virtual-hackathon-registration-109550287860?aff=ebdssbonlinesearch
59,https://www.eventbrite.com/e/kfas-covid-19-virtual-hackathon-registration-109550287860?aff=ebdssbonlinesearch
60,https://www.eventbrite.co.uk/e/smart-port-hackathon-virtual-tickets-97573710595?aff=ebdssbonlinesearch
61,https://www.eventbrite.co.uk/e/smart-port-hackathon-virtual-tickets-97573710595?aff=ebdssbonlinesearch
62,https://www.eventbrite.com/e/hack-the-bay-chesapeake-bay-water-quality-hackathon-tickets-108885132362?aff=ebdssbonlinesearch
63,https://www.eventbrite.com/e/hack-the-bay-chesapeake-bay-water-quality-hackathon-tickets-108885132362?aff=ebdssbonlinesearch
64,https://www.eventbrite.com/e/basics-of-building-a-multi-viable-product-girl-genius-x-techtogether-tickets-108764100352?aff=ebdssbonlinesearch
65,https://www.eventbrite.com/e/basics-of-building-a-multi-viable-product-girl-genius-x-techtogether-tickets-108764100352?aff=ebdssbonlinesearch
66,https://www.eventbrite.com/e/artificial-intelligence-startup-hackathon-webinar-tickets-106563993774?aff=ebdssbonlinesearch
67,https://www.eventbrite.com/e/artificial-intelligence-startup-hackathon-webinar-tickets-106563993774?aff=ebdssbonlinesearch
68,https://www.eventbrite.com/e/selfless-hackers-covid-19-2-day-hackathon-tickets-101683403798?aff=ebdssbonlinesearch
69,https://www.eventbrite.com/e/selfless-hackers-covid-19-2-day-hackathon-tickets-101683403798?aff=ebdssbonlinesearch
70,https://www.eventbrite.com/e/japan-hackathon-tickets-104108282676?aff=ebdssbonlinesearch
71,https://www.eventbrite.com/e/japan-hackathon-tickets-104108282676?aff=ebdssbonlinesearch
72,https://www.eventbrite.com/e/webinar-marketing-hackathon-tickets-105787571474?aff=ebdssbonlinesearch
73,https://www.eventbrite.com/e/webinar-marketing-hackathon-tickets-105787571474?aff=ebdssbonlinesearch
74,https://www.eventbrite.com/e/ibm-kiet-virtual-hackathon-call-for-code-2020-tickets-109775521540?aff=ebdssbonlinesearch
75,https://www.eventbrite.com/e/ibm-kiet-virtual-hackathon-call-for-code-2020-tickets-109775521540?aff=ebdssbonlinesearch
76,https://www.eventbrite.ca/e/mintbean-careerhack-hacky-monday-tickets-109374299474?aff=ebdssbonlinesearch
77,https://www.eventbrite.ca/e/mintbean-careerhack-hacky-monday-tickets-109374299474?aff=ebdssbonlinesearch
78,https://www.eventbrite.co.uk/e/online-hackathon-medicines-interoperability-tickets-109770983968?aff=ebdssbonlinesearch
79,https://www.eventbrite.co.uk/e/online-hackathon-medicines-interoperability-tickets-109770983968?aff=ebdssbonlinesearch
80,https://www.eventbrite.es/e/entradas-nasa-spaceapps-ai-bootcamp-99508705216?aff=ebdssbonlinesearch
81,https://www.eventbrite.es/e/entradas-nasa-spaceapps-ai-bootcamp-99508705216?aff=ebdssbonlinesearch
82,https://www.eventbrite.com/e/join-our-good-code-hackathon-team-recruiting-10000-volunteer-ios-app-devs-tickets-110183273136?aff=ebdssbonlinesearch
83,https://www.eventbrite.com/e/join-our-good-code-hackathon-team-recruiting-10000-volunteer-ios-app-devs-tickets-110183273136?aff=ebdssbonlinesearch
84,https://www.eventbrite.com/e/2-virtueller-change-pioneers-hackathon-tickets-107819322496?aff=ebdssbonlinesearch
85,https://www.eventbrite.com/e/2-virtueller-change-pioneers-hackathon-tickets-107819322496?aff=ebdssbonlinesearch
86,https://www.eventbrite.com/e/virtual-docusign-hackathon-with-over-50000-in-prizes-tickets-110058522002?aff=ebdssbonlinesearch
87,https://www.eventbrite.com/e/virtual-docusign-hackathon-with-over-50000-in-prizes-tickets-110058522002?aff=ebdssbonlinesearch
88,https://www.eventbrite.com/e/virtual-ansible-contributor-summit-july-2020-registration-107691423948?aff=ebdssbonlinesearch
89,https://www.eventbrite.com/e/virtual-ansible-contributor-summit-july-2020-registration-107691423948?aff=ebdssbonlinesearch
90,https://www.eventbrite.com/e/selfless-hackers-covid-19-2-day-hackathon-tickets-101683403798?aff=ebdssbonlinesearch
91,https://www.eventbrite.com/e/selfless-hackers-covid-19-2-day-hackathon-tickets-101683403798?aff=ebdssbonlinesearch
92,https://www.eventbrite.com/e/japan-hackathon-tickets-104108282676?aff=ebdssbonlinesearch
93,https://www.eventbrite.com/e/japan-hackathon-tickets-104108282676?aff=ebdssbonlinesearch
94,https://www.eventbrite.hk/e/team-building-ama-hackasia-hackathon-tickets-110233246608?aff=ebdssbonlinesearch
95,https://www.eventbrite.hk/e/team-building-ama-hackasia-hackathon-tickets-110233246608?aff=ebdssbonlinesearch
96,https://www.eventbrite.de/e/online-chatbot-hackathon-tickets-106555482316?aff=ebdssbonlinesearch
97,https://www.eventbrite.de/e/online-chatbot-hackathon-tickets-106555482316?aff=ebdssbonlinesearch
98,https://www.eventbrite.com/e/peer-group-digital-hackathons-101-tickets-108751990130?aff=ebdssbonlinesearch
99,https://www.eventbrite.com/e/peer-group-digital-hackathons-101-tickets-108751990130?aff=ebdssbonlinesearch
100,https://www.eventbrite.com/e/devc-islamabad-spark-ar-filters-effects-101-tickets-110388835980?aff=ebdssbonlinesearch
101,https://www.eventbrite.com/e/devc-islamabad-spark-ar-filters-effects-101-tickets-110388835980?aff=ebdssbonlinesearch
102,https://www.eventbrite.com/e/peer-group-planning-for-fall-2020-tickets-107735152742?aff=ebdssbonlinesearch
103,https://www.eventbrite.com/e/peer-group-planning-for-fall-2020-tickets-107735152742?aff=ebdssbonlinesearch
104,https://www.eventbrite.com/e/uniglobe-hacks-tickets-108837114740?aff=ebdssbonlinesearch
105,https://www.eventbrite.com/e/uniglobe-hacks-tickets-108837114740?aff=ebdssbonlinesearch
106,https://www.eventbrite.co.uk/e/spark-hackathon-workshop-2-technical-workshop-with-aave-and-filecoin-tickets-109562139308?aff=ebdssbonlinesearch
107,https://www.eventbrite.co.uk/e/spark-hackathon-workshop-2-technical-workshop-with-aave-and-filecoin-tickets-109562139308?aff=ebdssbonlinesearch
108,https://www.eventbrite.com/e/icgj-2020-tickets-105438605708?aff=ebdssbonlinesearch
109,https://www.eventbrite.com/e/icgj-2020-tickets-105438605708?aff=ebdssbonlinesearch
110,https://www.eventbrite.ca/e/brampton-library-canhack-tickets-107344454152?aff=ebdssbonlinesearch
111,https://www.eventbrite.ca/e/brampton-library-canhack-tickets-107344454152?aff=ebdssbonlinesearch
112,https://www.eventbrite.co.uk/e/spark-hackathon-workshop-3-with-nucypher-luno-and-livepeer-tickets-109562875510?aff=ebdssbonlinesearch
113,https://www.eventbrite.co.uk/e/spark-hackathon-workshop-3-with-nucypher-luno-and-livepeer-tickets-109562875510?aff=ebdssbonlinesearch
114,https://www.eventbrite.com.au/e/virtual-hackathon-2020-vision-tickets-108419162634?aff=ebdssbonlinesearch
115,https://www.eventbrite.com.au/e/virtual-hackathon-2020-vision-tickets-108419162634?aff=ebdssbonlinesearch
116,https://www.eventbrite.fr/e/wallifornia-musictech-esports-virtual-hackathon-2020-tickets-95005408735?aff=ebdssbonlinesearch
117,https://www.eventbrite.fr/e/wallifornia-musictech-esports-virtual-hackathon-2020-tickets-95005408735?aff=ebdssbonlinesearch
118,https://www.eventbrite.co.uk/e/digital-manufacturing-on-a-shoestring-hackathon-tickets-105977302966?aff=ebdssbonlinesearch
119,https://www.eventbrite.co.uk/e/digital-manufacturing-on-a-shoestring-hackathon-tickets-105977302966?aff=ebdssbonlinesearch
120,https://www.eventbrite.co.uk/e/form-the-future-website-hackathon-tickets-108976457518?aff=ebdssbonlinesearch
121,https://www.eventbrite.co.uk/e/form-the-future-website-hackathon-tickets-108976457518?aff=ebdssbonlinesearch
122,https://www.eventbrite.com/e/spinnaker-gardening-days-communityhack-tickets-107625254032?aff=ebdssbonlinesearch
123,https://www.eventbrite.com/e/spinnaker-gardening-days-communityhack-tickets-107625254032?aff=ebdssbonlinesearch
124,https://www.eventbrite.com/e/philly-codefest-2020-at-drexel-university-presented-by-american-water-tickets-93991532203?aff=ebdssbonlinesearch
125,https://www.eventbrite.com/e/philly-codefest-2020-at-drexel-university-presented-by-american-water-tickets-93991532203?aff=ebdssbonlinesearch
126,https://www.eventbrite.com/e/21-day-accelerator-tickets-106725950190?aff=ebdssbonlinesearch
127,https://www.eventbrite.com/e/21-day-accelerator-tickets-106725950190?aff=ebdssbonlinesearch
128,https://www.eventbrite.com/e/youth-hack-tickets-108825738714?aff=ebdssbonlinesearch
129,https://www.eventbrite.com/e/youth-hack-tickets-108825738714?aff=ebdssbonlinesearch
130,https://www.eventbrite.com/e/annual-ipitch-the-virtual-edition-tickets-108642167648?aff=ebdssbonlinesearch
131,https://www.eventbrite.com/e/annual-ipitch-the-virtual-edition-tickets-108642167648?aff=ebdssbonlinesearch
132,https://www.eventbrite.com.au/e/think-like-an-entrepreneur-customer-mindset-opportunities-tickets-107776359994?aff=ebdssbonlinesearch
133,https://www.eventbrite.com.au/e/think-like-an-entrepreneur-customer-mindset-opportunities-tickets-107776359994?aff=ebdssbonlinesearch
134,https://www.eventbrite.com/e/ibm-call-for-code-hackathon-mits-tickets-109291134726?aff=ebdssbonlinesearch
135,https://www.eventbrite.com/e/ibm-call-for-code-hackathon-mits-tickets-109291134726?aff=ebdssbonlinesearch
136,https://www.eventbrite.com/e/sdg-summer-solstice-hackathon-tickets-107458003782?aff=ebdssbonlinesearch
137,https://www.eventbrite.com/e/sdg-summer-solstice-hackathon-tickets-107458003782?aff=ebdssbonlinesearch
138,https://www.eventbrite.com/e/ibm-call-for-code-hackathon-stanley-tickets-109291638232?aff=ebdssbonlinesearch
139,https://www.eventbrite.com/e/ibm-call-for-code-hackathon-stanley-tickets-109291638232?aff=ebdssbonlinesearch
140,https://www.eventbrite.fr/e/wallifornia-musictech-virtual-summit-2020-tickets-104429565642?aff=ebdssbonlinesearch
141,https://www.eventbrite.fr/e/wallifornia-musictech-virtual-summit-2020-tickets-104429565642?aff=ebdssbonlinesearch
142,https://www.eventbrite.com/e/seo-solutions-webinar-tickets-104212123266?aff=ebdssbonlinesearch
143,https://www.eventbrite.com/e/seo-solutions-webinar-tickets-104212123266?aff=ebdssbonlinesearch
144,https://www.eventbrite.co.uk/e/ai-covid-19-hack-tickets-108988401242?aff=ebdssbonlinesearch
145,https://www.eventbrite.co.uk/e/ai-covid-19-hack-tickets-108988401242?aff=ebdssbonlinesearch
146,https://www.eventbrite.com.mx/e/redux-sureste-powered-by-incmty-registration-107621213948?aff=ebdssbonlinesearch
147,https://www.eventbrite.com.mx/e/redux-sureste-powered-by-incmty-registration-107621213948?aff=ebdssbonlinesearch
148,https://www.eventbrite.de/e/hackathon-registrierung-104974858628?aff=ebdssbonlinesearch
149,https://www.eventbrite.de/e/hackathon-registrierung-104974858628?aff=ebdssbonlinesearch
150,https://www.eventbrite.hk/e/hackasia-2020-36-hour-online-hackathon-tickets-106078174676?aff=ebdssbonlinesearch
151,https://www.eventbrite.hk/e/hackasia-2020-36-hour-online-hackathon-tickets-106078174676?aff=ebdssbonlinesearch
152,https://www.eventbrite.de/e/healthcare-hackathon-mainz-online-2106-2206-tickets-75757158701?aff=ebdssbonlinesearch
153,https://www.eventbrite.de/e/healthcare-hackathon-mainz-online-2106-2206-tickets-75757158701?aff=ebdssbonlinesearch
154,https://www.eventbrite.com/e/how-to-work-from-home-webinar-talk-tickets-104203962858?aff=ebdssbonlinesearch
155,https://www.eventbrite.com/e/how-to-work-from-home-webinar-talk-tickets-104203962858?aff=ebdssbonlinesearch
156,https://www.eventbrite.sg/e/coding-for-kids-p102-scratch-2-course-ages-7-9-e-learning-2020-tickets-93462122725?aff=ebdssbonlinesearch
157,https://www.eventbrite.sg/e/coding-for-kids-p102-scratch-2-course-ages-7-9-e-learning-2020-tickets-93462122725?aff=ebdssbonlinesearch
158,https://www.eventbrite.fr/e/billets-hackathon-renovaction-107715993436?aff=ebdssbonlinesearch
159,https://www.eventbrite.fr/e/billets-hackathon-renovaction-107715993436?aff=ebdssbonlinesearch
160,https://www.eventbrite.com/e/milk-money-tickets-102452458060?aff=ebdssbonlinesearch
161,https://www.eventbrite.com/e/milk-money-tickets-102452458060?aff=ebdssbonlinesearch
162,https://www.eventbrite.com/e/buy-a-startup-today-investing-opportunity-webinar-tickets-104202793360?aff=ebdssbonlinesearch
163,https://www.eventbrite.com/e/buy-a-startup-today-investing-opportunity-webinar-tickets-104202793360?aff=ebdssbonlinesearch
164,https://www.eventbrite.com/e/ockomothon-cybersecurity-conference-ctf-tickets-88781093641?aff=ebdssbonlinesearch
165,https://www.eventbrite.com/e/ockomothon-cybersecurity-conference-ctf-tickets-88781093641?aff=ebdssbonlinesearch
166,https://www.eventbrite.com/e/maker-mondays-create-and-learn-with-tech-tickets-109774153448?aff=ebdssbonlinesearch
167,https://www.eventbrite.com/e/maker-mondays-create-and-learn-with-tech-tickets-109774153448?aff=ebdssbonlinesearch
168,https://www.eventbrite.fr/e/billets-hackton-deconfinement-109608586232?aff=ebdssbonlinesearch
169,https://www.eventbrite.fr/e/billets-hackton-deconfinement-109608586232?aff=ebdssbonlinesearch
170,https://www.eventbrite.de/e/hackathon-munich-tickets-100091442198?aff=ebdssbonlinesearch
171,https://www.eventbrite.de/e/hackathon-munich-tickets-100091442198?aff=ebdssbonlinesearch
172,https://www.eventbrite.com.au/e/cloud-computing-webiner-tickets-109953724550?aff=ebdssbonlinesearch
173,https://www.eventbrite.com.au/e/cloud-computing-webiner-tickets-109953724550?aff=ebdssbonlinesearch
174,https://www.eventbrite.com/e/hack-and-learn-tickets-110262556274?aff=ebdssbonlinesearch
175,https://www.eventbrite.com/e/hack-and-learn-tickets-110262556274?aff=ebdssbonlinesearch
176,https://www.eventbrite.de/e/hack-your-fashion-online-hackathon-tickets-105048262180?aff=ebdssbonlinesearch
177,https://www.eventbrite.de/e/hack-your-fashion-online-hackathon-tickets-105048262180?aff=ebdssbonlinesearch
178,https://www.eventbrite.com/e/o-p-e-r-a-t-i-o-n-the-brand-takeover-strategy-tickets-103923528070?aff=ebdssbonlinesearch
179,https://www.eventbrite.com/e/o-p-e-r-a-t-i-o-n-the-brand-takeover-strategy-tickets-103923528070?aff=ebdssbonlinesearch
180,https://www.eventbrite.com/e/bithacks-tickets-103874028014?aff=ebdssbonlinesearch
181,https://www.eventbrite.com/e/bithacks-tickets-103874028014?aff=ebdssbonlinesearch
182,https://www.eventbrite.co.uk/e/era-webinar-with-iker-jusue-tickets-106129714834?aff=ebdssbonlinesearch
183,https://www.eventbrite.co.uk/e/era-webinar-with-iker-jusue-tickets-106129714834?aff=ebdssbonlinesearch
184,https://www.eventbrite.ie/e/self-care-sunday-success-with-fionnghuala-oreilly-tickets-109950147852?aff=ebdssbonlinesearch
185,https://www.eventbrite.ie/e/self-care-sunday-success-with-fionnghuala-oreilly-tickets-109950147852?aff=ebdssbonlinesearch
186,https://www.eventbrite.com.au/e/biogen-neurohack-tickets-101595705490?aff=ebdssbonlinesearch
187,https://www.eventbrite.com.au/e/biogen-neurohack-tickets-101595705490?aff=ebdssbonlinesearch
188,https://www.eventbrite.com/e/career-mingle-virtual-conference-tickets-103715198952?aff=ebdssbonlinesearch
189,https://www.eventbrite.com/e/career-mingle-virtual-conference-tickets-103715198952?aff=ebdssbonlinesearch
190,https://www.eventbrite.com/e/datathon-2020-tickets-99125768843?aff=ebdssbonlinesearch
191,https://www.eventbrite.com/e/datathon-2020-tickets-99125768843?aff=ebdssbonlinesearch
192,https://www.eventbrite.de/e/healthcare-hackathon-mainz-online-workshops-22062020-tickets-107340925598?aff=ebdssbonlinesearch
193,https://www.eventbrite.de/e/healthcare-hackathon-mainz-online-workshops-22062020-tickets-107340925598?aff=ebdssbonlinesearch
194,https://www.eventbrite.com/e/juliacon-2020-registration-79192116753?aff=ebdssbonlinesearch
195,https://www.eventbrite.com/e/juliacon-2020-registration-79192116753?aff=ebdssbonlinesearch
196,https://www.eventbrite.com/e/pride-month-lgbtq-representation-in-tech-tickets-109048388666?aff=ebdssbonlinesearch
197,https://www.eventbrite.com/e/pride-month-lgbtq-representation-in-tech-tickets-109048388666?aff=ebdssbonlinesearch
198,https://www.eventbrite.com/e/impactathon-endpovertythisgeneration-tickets-108500217070?aff=ebdssbonlinesearch
199,https://www.eventbrite.com/e/impactathon-endpovertythisgeneration-tickets-108500217070?aff=ebdssbonlinesearch
200,https://www.eventbrite.sg/e/coding-for-kids-p102-scratch-2-course-ages-7-9-e-learning-2020-tickets-93462122725?aff=ebdssbonlinesearch
201,https://www.eventbrite.sg/e/coding-for-kids-p102-scratch-2-course-ages-7-9-e-learning-2020-tickets-93462122725?aff=ebdssbonlinesearch
202,https://www.eventbrite.fr/e/billets-hackathon-renovaction-107715993436?aff=ebdssbonlinesearch
203,https://www.eventbrite.fr/e/billets-hackathon-renovaction-107715993436?aff=ebdssbonlinesearch
204,https://www.eventbrite.com/e/scratch-hackathon-1-online-with-coach-luka-tickets-107130708834?aff=ebdssbonlinesearch
205,https://www.eventbrite.com/e/scratch-hackathon-1-online-with-coach-luka-tickets-107130708834?aff=ebdssbonlinesearch
206,https://www.eventbrite.com/e/scratch-hackathon-2-online-with-coach-luka-tickets-107118875440?aff=ebdssbonlinesearch
207,https://www.eventbrite.com/e/scratch-hackathon-2-online-with-coach-luka-tickets-107118875440?aff=ebdssbonlinesearch
208,https://www.eventbrite.com/e/milk-money-tickets-102452458060?aff=ebdssbonlinesearch
209,https://www.eventbrite.com/e/milk-money-tickets-102452458060?aff=ebdssbonlinesearch
210,https://www.eventbrite.com/e/buy-a-startup-today-investing-opportunity-webinar-tickets-104202793360?aff=ebdssbonlinesearch
211,https://www.eventbrite.com/e/buy-a-startup-today-investing-opportunity-webinar-tickets-104202793360?aff=ebdssbonlinesearch
212,https://www.eventbrite.com/e/how-to-make-your-podcast-visible-via-digital-spaces-with-noelle-silver-tickets-110226664922?aff=ebdssbonlinesearch
213,https://www.eventbrite.com/e/how-to-make-your-podcast-visible-via-digital-spaces-with-noelle-silver-tickets-110226664922?aff=ebdssbonlinesearch
214,https://www.eventbrite.com/e/ockomothon-cybersecurity-conference-ctf-tickets-88781093641?aff=ebdssbonlinesearch
215,https://www.eventbrite.com/e/ockomothon-cybersecurity-conference-ctf-tickets-88781093641?aff=ebdssbonlinesearch
216,https://www.eventbrite.com.au/e/biogen-neurohack-tickets-101595705490?aff=ebdssbonlinesearch
217,https://www.eventbrite.com.au/e/biogen-neurohack-tickets-101595705490?aff=ebdssbonlinesearch
218,https://www.eventbrite.com/e/maker-mondays-create-and-learn-with-tech-tickets-109774153448?aff=ebdssbonlinesearch
219,https://www.eventbrite.com/e/maker-mondays-create-and-learn-with-tech-tickets-109774153448?aff=ebdssbonlinesearch
220,https://www.eventbrite.fr/e/billets-hackton-deconfinement-109608586232?aff=ebdssbonlinesearch
221,https://www.eventbrite.fr/e/billets-hackton-deconfinement-109608586232?aff=ebdssbonlinesearch
222,https://www.eventbrite.com.au/e/tedxmelbourne-circle-still-i-rise-resilience-tickets-109609659442?aff=ebdssbonlinesearch
223,https://www.eventbrite.com.au/e/tedxmelbourne-circle-still-i-rise-resilience-tickets-109609659442?aff=ebdssbonlinesearch
224,https://www.eventbrite.de/e/hackathon-munich-tickets-100091442198?aff=ebdssbonlinesearch
225,https://www.eventbrite.de/e/hackathon-munich-tickets-100091442198?aff=ebdssbonlinesearch
226,https://www.eventbrite.com/e/datathon-2020-tickets-99125768843?aff=ebdssbonlinesearch
227,https://www.eventbrite.com/e/datathon-2020-tickets-99125768843?aff=ebdssbonlinesearch
228,https://www.eventbrite.com.au/e/cloud-computing-webiner-tickets-109953724550?aff=ebdssbonlinesearch
229,https://www.eventbrite.com.au/e/cloud-computing-webiner-tickets-109953724550?aff=ebdssbonlinesearch
230,https://www.eventbrite.de/e/hack-your-fashion-online-hackathon-tickets-105048262180?aff=ebdssbonlinesearch
231,https://www.eventbrite.de/e/hack-your-fashion-online-hackathon-tickets-105048262180?aff=ebdssbonlinesearch
232,https://www.eventbrite.com/e/bithacks-tickets-103874028014?aff=ebdssbonlinesearch
233,https://www.eventbrite.com/e/bithacks-tickets-103874028014?aff=ebdssbonlinesearch
234,https://www.eventbrite.co.uk/e/era-webinar-with-iker-jusue-tickets-106129714834?aff=ebdssbonlinesearch
235,https://www.eventbrite.co.uk/e/era-webinar-with-iker-jusue-tickets-106129714834?aff=ebdssbonlinesearch
236,https://www.eventbrite.com/e/intro-to-artificial-intelligence-workshop-girl-genius-x-ai-hacks-tickets-108761091352?aff=ebdssbonlinesearch
237,https://www.eventbrite.com/e/intro-to-artificial-intelligence-workshop-girl-genius-x-ai-hacks-tickets-108761091352?aff=ebdssbonlinesearch
238,https://www.eventbrite.de/e/healthcare-hackathon-mainz-online-workshops-22062020-tickets-107340925598?aff=ebdssbonlinesearch
239,https://www.eventbrite.de/e/healthcare-hackathon-mainz-online-workshops-22062020-tickets-107340925598?aff=ebdssbonlinesearch
240,https://www.eventbrite.com/e/issa-portland-2020-virtual-cmdctrl-capture-the-flag-ctf-7162020-tickets-108417796548?aff=ebdssbonlinesearch
241,https://www.eventbrite.com/e/issa-portland-2020-virtual-cmdctrl-capture-the-flag-ctf-7162020-tickets-108417796548?aff=ebdssbonlinesearch
242,https://www.eventbrite.com/e/basics-of-building-a-multi-viable-product-girl-genius-x-techtogether-tickets-108764100352?aff=ebdssbonlinesearch
243,https://www.eventbrite.com/e/basics-of-building-a-multi-viable-product-girl-genius-x-techtogether-tickets-108764100352?aff=ebdssbonlinesearch
244,https://www.eventbrite.com/e/ibm-kiet-virtual-hackathon-call-for-code-2020-tickets-109775521540?aff=ebdssbonlinesearch
245,https://www.eventbrite.com/e/ibm-kiet-virtual-hackathon-call-for-code-2020-tickets-109775521540?aff=ebdssbonlinesearch
246,https://www.eventbrite.com.au/e/the-work-hack-club-co-work-with-lynne-cazaly-tickets-104175848768?aff=ebdssbonlinesearch
247,https://www.eventbrite.com.au/e/the-work-hack-club-co-work-with-lynne-cazaly-tickets-104175848768?aff=ebdssbonlinesearch
248,https://www.eventbrite.com/e/so-you-want-to-start-your-own-tech-society-tickets-110159177064?aff=ebdssbonlinesearch
249,https://www.eventbrite.com/e/so-you-want-to-start-your-own-tech-society-tickets-110159177064?aff=ebdssbonlinesearch
250,https://www.eventbrite.it/e/biglietti-hackathon-online-cityup-shape-the-future-of-your-city-4-e-5-luglio-108997584710?aff=ebdssbonlinesearch
251,https://www.eventbrite.it/e/biglietti-hackathon-online-cityup-shape-the-future-of-your-city-4-e-5-luglio-108997584710?aff=ebdssbonlinesearch
252,https://www.eventbrite.sg/e/hackwise-tickets-107679255552?aff=ebdssbonlinesearch
253,https://www.eventbrite.sg/e/hackwise-tickets-107679255552?aff=ebdssbonlinesearch
254,https://www.eventbrite.com/e/revival-workshop-be-agile-be-smart-be-scrum-tickets-107264081756?aff=ebdssbonlinesearch
255,https://www.eventbrite.com/e/revival-workshop-be-agile-be-smart-be-scrum-tickets-107264081756?aff=ebdssbonlinesearch
256,https://www.eventbrite.de/e/ixda-braunschweig-roundtable-2-tickets-109609565160?aff=ebdssbonlinesearch
257,https://www.eventbrite.de/e/ixda-braunschweig-roundtable-2-tickets-109609565160?aff=ebdssbonlinesearch
258,https://www.eventbrite.co.uk/e/support-for-domestic-and-gender-based-violence-and-abuse-tickets-106747817596?aff=ebdssbonlinesearch
259,https://www.eventbrite.co.uk/e/support-for-domestic-and-gender-based-violence-and-abuse-tickets-106747817596?aff=ebdssbonlinesearch
260,https://www.eventbrite.com/e/postponed-the-future-of-fashion-with-nell-diamond-of-hill-house-home-tickets-106791873368?aff=ebdssbonlinesearch
261,https://www.eventbrite.com/e/postponed-the-future-of-fashion-with-nell-diamond-of-hill-house-home-tickets-106791873368?aff=ebdssbonlinesearch
262,https://www.eventbrite.com/e/planet-hack-2020-tickets-103838391424?aff=ebdssbonlinesearch
263,https://www.eventbrite.com/e/planet-hack-2020-tickets-103838391424?aff=ebdssbonlinesearch
264,https://www.eventbrite.com/e/sponsor-me-tickets-106660843454?aff=ebdssbonlinesearch
265,https://www.eventbrite.com/e/sponsor-me-tickets-106660843454?aff=ebdssbonlinesearch
266,https://www.eventbrite.com/e/girls-in-tech-sf-hacking-for-humanity-2020-tickets-107306532728?aff=ebdssbonlinesearch
267,https://www.eventbrite.com/e/girls-in-tech-sf-hacking-for-humanity-2020-tickets-107306532728?aff=ebdssbonlinesearch
268,https://www.eventbrite.com/e/hack-police-brutality-2020-new-york-digital-hackathon-tickets-109434132436?aff=ebdssbonlinesearch
269,https://www.eventbrite.com/e/hack-police-brutality-2020-new-york-digital-hackathon-tickets-109434132436?aff=ebdssbonlinesearch
270,https://www.eventbrite.com/e/founder-fails-with-richfresh-tickets-107632640124?aff=ebdssbonlinesearch
271,https://www.eventbrite.com/e/founder-fails-with-richfresh-tickets-107632640124?aff=ebdssbonlinesearch
272,https://www.eventbrite.co.uk/e/mkai-july-expert-forum-using-artificial-intelligence-for-good-tickets-108963795646?aff=ebdssbonlinesearch
273,https://www.eventbrite.co.uk/e/mkai-july-expert-forum-using-artificial-intelligence-for-good-tickets-108963795646?aff=ebdssbonlinesearch
274,https://www.eventbrite.com/e/ipackexpo-365-online-packaging-trade-show-tickets-107042416750?aff=ebdssbonlinesearch
275,https://www.eventbrite.com/e/ipackexpo-365-online-packaging-trade-show-tickets-107042416750?aff=ebdssbonlinesearch
276,https://www.eventbrite.com/e/agorize-webinar-open-innovation-4-good-tickets-107644940916?aff=ebdssbonlinesearch
277,https://www.eventbrite.com/e/agorize-webinar-open-innovation-4-good-tickets-107644940916?aff=ebdssbonlinesearch
278,https://www.eventbrite.de/e/dicom-kis-ris-pacs-kongress-mainz-online-22062020-tickets-92555645427?aff=ebdssbonlinesearch
279,https://www.eventbrite.de/e/dicom-kis-ris-pacs-kongress-mainz-online-22062020-tickets-92555645427?aff=ebdssbonlinesearch
280,https://www.eventbrite.com/e/wicys-socal-hack-nights-tickets-107350020802?aff=ebdssbonlinesearch
281,https://www.eventbrite.com/e/wicys-socal-hack-nights-tickets-107350020802?aff=ebdssbonlinesearch
282,https://www.eventbrite.com.au/e/python-chatbots-weekend-hackathon-tickets-103616682286?aff=ebdssbonlinesearch
283,https://www.eventbrite.com.au/e/python-chatbots-weekend-hackathon-tickets-103616682286?aff=ebdssbonlinesearch
284,https://www.eventbrite.fr/e/billets-deconficamp-105374056640?aff=ebdssbonlinesearch
285,https://www.eventbrite.fr/e/billets-deconficamp-105374056640?aff=ebdssbonlinesearch
286,https://www.eventbrite.ca/e/vfs-digital-design-program-preview-tickets-105990664932?aff=ebdssbonlinesearch
287,https://www.eventbrite.ca/e/vfs-digital-design-program-preview-tickets-105990664932?aff=ebdssbonlinesearch
288,https://www.eventbrite.com/e/virtual-workshop-employee-experience-journey-mapping-tickets-109977317116?aff=ebdssbonlinesearch
289,https://www.eventbrite.com/e/virtual-workshop-employee-experience-journey-mapping-tickets-109977317116?aff=ebdssbonlinesearch
290,https://www.eventbrite.sg/e/world-ros-i-day-2020-tickets-109911582502?aff=ebdssbonlinesearch
291,https://www.eventbrite.sg/e/world-ros-i-day-2020-tickets-109911582502?aff=ebdssbonlinesearch
292,https://www.eventbrite.co.uk/e/startup-london-experience-registration-107088823554?aff=ebdssbonlinesearch
293,https://www.eventbrite.co.uk/e/startup-london-experience-registration-107088823554?aff=ebdssbonlinesearch
294,https://www.eventbrite.com/e/5g-the-future-of-real-time-sports-tickets-108151542174?aff=ebdssbonlinesearch
295,https://www.eventbrite.com/e/5g-the-future-of-real-time-sports-tickets-108151542174?aff=ebdssbonlinesearch
296,https://www.eventbrite.com/e/take-the-lead-scaling-your-startup-proactively-tickets-108150683606?aff=ebdssbonlinesearch
297,https://www.eventbrite.com/e/take-the-lead-scaling-your-startup-proactively-tickets-108150683606?aff=ebdssbonlinesearch
298,https://www.eventbrite.co.uk/e/teens-in-ai-online-accelerator-for-teens-2020-tickets-107261167038?aff=ebdssbonlinesearch
299,https://www.eventbrite.co.uk/e/teens-in-ai-online-accelerator-for-teens-2020-tickets-107261167038?aff=ebdssbonlinesearch
300,https://www.eventbrite.co.uk/e/5-day-sprintup-bootcamp-for-women-tickets-110245326740?aff=ebdssbonlinesearch
301,https://www.eventbrite.co.uk/e/5-day-sprintup-bootcamp-for-women-tickets-110245326740?aff=ebdssbonlinesearch
302,https://www.eventbrite.com/e/start-up-growth-strategy-applied-masterclass-tickets-106095151454?aff=ebdssbonlinesearch
303,https://www.eventbrite.com/e/start-up-growth-strategy-applied-masterclass-tickets-106095151454?aff=ebdssbonlinesearch
304,https://www.eventbrite.com/e/better-health-hackathon-codeforcovid19-tickets-100844733312?aff=ebdssbonlinesearch
305,https://www.eventbrite.com/e/better-health-hackathon-codeforcovid19-tickets-100844733312?aff=ebdssbonlinesearch
306,https://www.eventbrite.com/e/hack-to-be-heard-tickets-108520347280?aff=ebdssbonlinesearch
307,https://www.eventbrite.com/e/hack-to-be-heard-tickets-108520347280?aff=ebdssbonlinesearch
308,https://www.eventbrite.co.uk/e/react-live-conference-2020-tickets-73005955779?aff=ebdssbonlinesearch
309,https://www.eventbrite.co.uk/e/react-live-conference-2020-tickets-73005955779?aff=ebdssbonlinesearch
310,https://www.eventbrite.com/e/i-got-funded-20-tickets-106283637220?aff=ebdssbonlinesearch
311,https://www.eventbrite.com/e/i-got-funded-20-tickets-106283637220?aff=ebdssbonlinesearch
312,https://www.eventbrite.co.uk/e/project-hack-6-tickets-102886732988?aff=ebdssbonlinesearch
313,https://www.eventbrite.co.uk/e/project-hack-6-tickets-102886732988?aff=ebdssbonlinesearch
314,https://www.eventbrite.com/e/scratch-hackathon-1-online-with-coach-luka-tickets-107130708834?aff=ebdssbonlinesearch
315,https://www.eventbrite.com/e/scratch-hackathon-1-online-with-coach-luka-tickets-107130708834?aff=ebdssbonlinesearch
316,https://www.eventbrite.com/e/one-record-insight-webinars-tickets-109006316828?aff=ebdssbonlinesearch
317,https://www.eventbrite.com/e/one-record-insight-webinars-tickets-109006316828?aff=ebdssbonlinesearch
318,https://www.eventbrite.com/e/scratch-hackathon-2-online-with-coach-luka-tickets-107118875440?aff=ebdssbonlinesearch
319,https://www.eventbrite.com/e/scratch-hackathon-2-online-with-coach-luka-tickets-107118875440?aff=ebdssbonlinesearch
320,https://www.eventbrite.com/e/5g-the-future-of-music-tickets-106806683666?aff=ebdssbonlinesearch
321,https://www.eventbrite.com/e/5g-the-future-of-music-tickets-106806683666?aff=ebdssbonlinesearch
322,https://www.eventbrite.fr/e/billets-recrutement-it-comment-adapter-les-recrutements-dans-un-marche-en-tension-109638361290?aff=ebdssbonlinesearch
323,https://www.eventbrite.fr/e/billets-recrutement-it-comment-adapter-les-recrutements-dans-un-marche-en-tension-109638361290?aff=ebdssbonlinesearch
324,https://www.eventbrite.com/e/how-to-make-your-podcast-visible-via-digital-spaces-with-noelle-silver-tickets-110226664922?aff=ebdssbonlinesearch
325,https://www.eventbrite.com/e/how-to-make-your-podcast-visible-via-digital-spaces-with-noelle-silver-tickets-110226664922?aff=ebdssbonlinesearch
326,https://www.eventbrite.com/e/virtual-fair-hack-covid-19-and-reshape-societies-tickets-109818734792?aff=ebdssbonlinesearch
327,https://www.eventbrite.com/e/virtual-fair-hack-covid-19-and-reshape-societies-tickets-109818734792?aff=ebdssbonlinesearch
328,https://www.eventbrite.com/e/free-teentechsf-summer-workshop-series-tickets-108954806760?aff=ebdssbonlinesearch
329,https://www.eventbrite.com/e/free-teentechsf-summer-workshop-series-tickets-108954806760?aff=ebdssbonlinesearch
330,https://www.eventbrite.com.au/e/tedxmelbourne-circle-still-i-rise-resilience-tickets-109609659442?aff=ebdssbonlinesearch
331,https://www.eventbrite.com.au/e/tedxmelbourne-circle-still-i-rise-resilience-tickets-109609659442?aff=ebdssbonlinesearch
332,https://www.eventbrite.at/e/salon-12-disrupting-energy-2406-registrierung-99337812070?aff=ebdssbonlinesearch
333,https://www.eventbrite.at/e/salon-12-disrupting-energy-2406-registrierung-99337812070?aff=ebdssbonlinesearch
334,https://www.eventbrite.co.uk/e/startup-54-lambeth-build-a-startup-from-scratch-in-54-hours-tickets-106659336948?aff=ebdssbonlinesearch
335,https://www.eventbrite.co.uk/e/startup-54-lambeth-build-a-startup-from-scratch-in-54-hours-tickets-106659336948?aff=ebdssbonlinesearch
336,https://www.eventbrite.com/e/intro-to-artificial-intelligence-workshop-girl-genius-x-ai-hacks-tickets-108761091352?aff=ebdssbonlinesearch
337,https://www.eventbrite.com/e/intro-to-artificial-intelligence-workshop-girl-genius-x-ai-hacks-tickets-108761091352?aff=ebdssbonlinesearch
338,https://www.eventbrite.com/e/hackathon-fauusp-jr-registration-107743074436?aff=ebdssbonlinesearch
339,https://www.eventbrite.com/e/hackathon-fauusp-jr-registration-107743074436?aff=ebdssbonlinesearch
340,https://www.eventbrite.de/e/campfire-on-mars-21-superkraft-hacking-hacking-tools-fur-nichthacker-tickets-94806014341?aff=ebdssbonlinesearch
341,https://www.eventbrite.de/e/campfire-on-mars-21-superkraft-hacking-hacking-tools-fur-nichthacker-tickets-94806014341?aff=ebdssbonlinesearch
342,https://www.eventbrite.com/e/chi-hack-night-remote-registration-104081235778?aff=ebdssbonlinesearch
343,https://www.eventbrite.com/e/chi-hack-night-remote-registration-104081235778?aff=ebdssbonlinesearch
344,https://www.eventbrite.ca/e/covid-19-design-challenge-tickets-106597375620?aff=ebdssbonlinesearch
345,https://www.eventbrite.ca/e/covid-19-design-challenge-tickets-106597375620?aff=ebdssbonlinesearch
346,https://www.eventbrite.com/e/the-python-programming-course-tickets-108548828468?aff=ebdssbonlinesearch
347,https://www.eventbrite.com/e/the-python-programming-course-tickets-108548828468?aff=ebdssbonlinesearch
348,https://www.eventbrite.hk/e/hong-kong-tech-startups-job-fair-13-creating-impact-tickets-84718432111?aff=ebdssbonlinesearch
349,https://www.eventbrite.hk/e/hong-kong-tech-startups-job-fair-13-creating-impact-tickets-84718432111?aff=ebdssbonlinesearch
350,https://www.eventbrite.fr/e/billets-innovathon-inventez-la-ville-post-covid-19-89744276547?aff=ebdssbonlinesearch
351,https://www.eventbrite.fr/e/billets-innovathon-inventez-la-ville-post-covid-19-89744276547?aff=ebdssbonlinesearch
352,https://www.eventbrite.com/e/singapore-blockchain-week-virtual-summit-2020-tickets-97717125553?aff=ebdssbonlinesearch
353,https://www.eventbrite.com/e/singapore-blockchain-week-virtual-summit-2020-tickets-97717125553?aff=ebdssbonlinesearch
354,https://www.eventbrite.co.uk/e/frontend-love-conference-2020-tickets-105507820732?aff=ebdssbonlinesearch
355,https://www.eventbrite.co.uk/e/frontend-love-conference-2020-tickets-105507820732?aff=ebdssbonlinesearch
356,https://www.eventbrite.com.au/e/sponsor-the-student-and-graduate-engineering-and-it-job-expo-online-event-tickets-108100377138?aff=ebdssbonlinesearch
357,https://www.eventbrite.com.au/e/sponsor-the-student-and-graduate-engineering-and-it-job-expo-online-event-tickets-108100377138?aff=ebdssbonlinesearch
358,https://www.eventbrite.com/e/ladies-lounge-empowering-women-to-take-control-over-their-finances-tickets-108033396798?aff=ebdssbonlinesearch
359,https://www.eventbrite.com/e/ladies-lounge-empowering-women-to-take-control-over-their-finances-tickets-108033396798?aff=ebdssbonlinesearch
360,https://www.eventbrite.sg/e/ai4impact-deep-learning-datathon-2020-deep-learning-for-finance-tickets-108642721304?aff=ebdssbonlinesearch
361,https://www.eventbrite.sg/e/ai4impact-deep-learning-datathon-2020-deep-learning-for-finance-tickets-108642721304?aff=ebdssbonlinesearch
362,https://www.eventbrite.sg/e/ai4impact-deep-learning-datathon-2020-deep-learning-for-finance-tickets-110240273626?aff=ebdssbonlinesearch
363,https://www.eventbrite.sg/e/ai4impact-deep-learning-datathon-2020-deep-learning-for-finance-tickets-110240273626?aff=ebdssbonlinesearch
